Datetime (UTC),Actual Carbon Intensity (gCO2/kWh),Forecast Carbon Intensity (gCO2/kWh),Index
2025-10-01T00:00Z,130,135,moderate
2025-10-01T00:30Z,130,130,moderate
2025-10-01T01:00Z,126,130,moderate
2025-10-01T01:30Z,126,131,moderate
2025-10-01T02:00Z,127,125,moderate
2025-10-01T02:30Z,126,131,moderate
2025-10-01T03:00Z,127,127,moderate
2025-10-01T03:30Z,128,127,moderate
2025-10-01T04:00Z,136,128,moderate
2025-10-01T04:30Z,146,130,moderate
2025-10-01T05:00Z,165,133,moderate
2025-10-01T05:30Z,176,153,moderate
2025-10-01T06:00Z,184,179,high
2025-10-01T06:30Z,184,182,high
2025-10-01T07:00Z,173,195,moderate
2025-10-01T07:30Z,171,186,moderate
2025-10-01T08:00Z,170,175,moderate
2025-10-01T08:30Z,172,169,moderate
2025-10-01T09:00Z,167,167,moderate
2025-10-01T09:30Z,159,162,moderate
2025-10-01T10:00Z,154,168,moderate
2025-10-01T10:30Z,147,156,moderate
2025-10-01T11:00Z,139,153,moderate
2025-10-01T11:30Z,133,145,moderate
2025-10-01T12:00Z,129,135,moderate
2025-10-01T12:30Z,129,130,moderate
2025-10-01T13:00Z,131,128,moderate
2025-10-01T13:30Z,133,126,moderate
2025-10-01T14:00Z,141,126,moderate
2025-10-01T14:30Z,150,142,moderate
2025-10-01T15:00Z,161,160,moderate
2025-10-01T15:30Z,168,159,moderate
2025-10-01T16:00Z,176,171,moderate
2025-10-01T16:30Z,186,178,high
2025-10-01T17:00Z,193,184,high
2025-10-01T17:30Z,197,185,high
2025-10-01T18:00Z,197,199,high
2025-10-01T18:30Z,193,204,high
2025-10-01T19:00Z,189,193,high
2025-10-01T19:30Z,185,157,high
2025-10-01T20:00Z,173,183,moderate
2025-10-01T20:30Z,157,170,moderate
2025-10-01T21:00Z,139,157,moderate
2025-10-01T21:30Z,115,146,moderate
2025-10-01T22:00Z,97,133,low
2025-10-01T22:30Z,89,119,low
2025-10-01T23:00Z,83,99,low
2025-10-01T23:30Z,84,93,low
2025-10-02T00:00Z,87,93,low
2025-10-02T00:30Z,88,88,low
2025-10-02T01:00Z,88,87,low
2025-10-02T01:30Z,89,87,low
2025-10-02T02:00Z,92,89,low
2025-10-02T02:30Z,95,90,low
2025-10-02T03:00Z,93,96,low
2025-10-02T03:30Z,95,98,low
2025-10-02T04:00Z,112,96,moderate
2025-10-02T04:30Z,127,99,moderate
2025-10-02T05:00Z,148,118,moderate
2025-10-02T05:30Z,161,128,moderate
2025-10-02T06:00Z,155,161,moderate
2025-10-02T06:30Z,162,159,moderate
2025-10-02T07:00Z,161,166,moderate
2025-10-02T07:30Z,157,161,moderate
2025-10-02T08:00Z,150,156,moderate
2025-10-02T08:30Z,138,161,moderate
2025-10-02T09:00Z,128,158,moderate
2025-10-02T09:30Z,113,133,moderate
2025-10-02T10:00Z,102,126,moderate
2025-10-02T10:30Z,92,109,low
2025-10-02T11:00Z,83,93,low
2025-10-02T11:30Z,78,92,low
2025-10-02T12:00Z,79,78,low
2025-10-02T12:30Z,77,71,low
2025-10-02T13:00Z,79,69,low
2025-10-02T13:30Z,79,66,low
2025-10-02T14:00Z,81,62,low
2025-10-02T14:30Z,86,62,low
2025-10-02T15:00Z,98,75,low
2025-10-02T15:30Z,107,90,moderate
2025-10-02T16:00Z,112,93,moderate
2025-10-02T16:30Z,114,98,moderate
2025-10-02T17:00Z,118,104,moderate
2025-10-02T17:30Z,118,107,moderate
2025-10-02T18:00Z,116,110,moderate
2025-10-02T18:30Z,106,108,moderate
2025-10-02T19:00Z,102,100,moderate
2025-10-02T19:30Z,103,97,moderate
2025-10-02T20:00Z,100,95,moderate
2025-10-02T20:30Z,91,97,low
2025-10-02T21:00Z,92,95,low
2025-10-02T21:30Z,82,91,low
2025-10-02T22:00Z,86,89,low
2025-10-02T22:30Z,82,80,low
2025-10-02T23:00Z,76,83,low
2025-10-02T23:30Z,73,85,low
2025-10-03T00:00Z,74,88,low
2025-10-03T00:30Z,78,75,low
2025-10-03T01:00Z,76,73,low
2025-10-03T01:30Z,74,71,low
2025-10-03T02:00Z,70,77,low
2025-10-03T02:30Z,67,72,low
2025-10-03T03:00Z,64,69,low
2025-10-03T03:30Z,68,67,low
2025-10-03T04:00Z,69,64,low
2025-10-03T04:30Z,71,68,low
2025-10-03T05:00Z,74,71,low
2025-10-03T05:30Z,93,69,low
2025-10-03T06:00Z,97,73,low
2025-10-03T06:30Z,111,81,moderate
2025-10-03T07:00Z,107,102,moderate
2025-10-03T07:30Z,107,120,moderate
2025-10-03T08:00Z,114,108,moderate
2025-10-03T08:30Z,111,108,moderate
2025-10-03T09:00Z,101,106,moderate
2025-10-03T09:30Z,96,105,low
2025-10-03T10:00Z,88,88,low
2025-10-03T10:30Z,86,70,low
2025-10-03T11:00Z,83,65,low
2025-10-03T11:30Z,81,68,low
2025-10-03T12:00Z,72,61,low
2025-10-03T12:30Z,72,62,low
2025-10-03T13:00Z,73,71,low
2025-10-03T13:30Z,75,67,low
2025-10-03T14:00Z,78,65,low
2025-10-03T14:30Z,76,69,low
2025-10-03T15:00Z,80,78,low
2025-10-03T15:30Z,82,69,low
2025-10-03T16:00Z,83,73,low
2025-10-03T16:30Z,92,77,low
2025-10-03T17:00Z,98,79,low
2025-10-03T17:30Z,89,84,low
2025-10-03T18:00Z,81,85,low
2025-10-03T18:30Z,68,77,low
2025-10-03T19:00Z,71,77,low
2025-10-03T19:30Z,67,71,low
2025-10-03T20:00Z,63,64,low
2025-10-03T20:30Z,65,73,low
2025-10-03T21:00Z,69,61,low
2025-10-03T21:30Z,67,62,low
2025-10-03T22:00Z,62,60,low
2025-10-03T22:30Z,59,56,low
2025-10-03T23:00Z,62,59,low
2025-10-03T23:30Z,64,58,low
2025-10-04T00:00Z,71,58,low
2025-10-04T00:30Z,72,55,low
2025-10-04T01:00Z,72,59,low
2025-10-04T01:30Z,70,58,low
2025-10-04T02:00Z,69,52,low
2025-10-04T02:30Z,67,58,low
2025-10-04T03:00Z,65,55,low
2025-10-04T03:30Z,64,55,low
2025-10-04T04:00Z,69,57,low
2025-10-04T04:30Z,69,56,low
2025-10-04T05:00Z,67,57,low
2025-10-04T05:30Z,67,58,low
2025-10-04T06:00Z,73,58,low
2025-10-04T06:30Z,79,53,low
2025-10-04T07:00Z,66,65,low
2025-10-04T07:30Z,65,67,low
2025-10-04T08:00Z,65,55,low
2025-10-04T08:30Z,60,58,low
2025-10-04T09:00Z,59,64,low
2025-10-04T09:30Z,59,57,low
2025-10-04T10:00Z,62,45,low
2025-10-04T10:30Z,58,49,low
2025-10-04T11:00Z,60,58,low
2025-10-04T11:30Z,59,55,low
2025-10-04T12:00Z,56,55,low
2025-10-04T12:30Z,57,55,low
2025-10-04T13:00Z,57,53,low
2025-10-04T13:30Z,57,49,low
2025-10-04T14:00Z,56,46,low
2025-10-04T14:30Z,57,44,low
2025-10-04T15:00Z,49,39,low
2025-10-04T15:30Z,51,42,low
2025-10-04T16:00Z,50,42,low
2025-10-04T16:30Z,51,43,low
2025-10-04T17:00Z,53,44,low
2025-10-04T17:30Z,61,43,low
2025-10-04T18:00Z,63,47,low
2025-10-04T18:30Z,64,56,low
2025-10-04T19:00Z,63,58,low
2025-10-04T19:30Z,65,57,low
2025-10-04T20:00Z,65,54,low
2025-10-04T20:30Z,62,57,low
2025-10-04T21:00Z,59,60,low
2025-10-04T21:30Z,55,60,low
2025-10-04T22:00Z,52,54,low
2025-10-04T22:30Z,57,53,low
2025-10-04T23:00Z,58,47,low
2025-10-04T23:30Z,56,47,low
2025-10-05T00:00Z,54,47,low
2025-10-05T00:30Z,55,53,low
2025-10-05T01:00Z,55,53,low
2025-10-05T01:30Z,53,53,low
2025-10-05T02:00Z,54,54,low
2025-10-05T02:30Z,55,52,low
2025-10-05T03:00Z,55,51,low
2025-10-05T03:30Z,53,53,low
2025-10-05T04:00Z,53,52,low
2025-10-05T04:30Z,53,51,low
2025-10-05T05:00Z,57,52,low
2025-10-05T05:30Z,57,55,low
2025-10-05T06:00Z,63,54,low
2025-10-05T06:30Z,65,40,low
2025-10-05T07:00Z,67,57,low
2025-10-05T07:30Z,63,56,low
2025-10-05T08:00Z,57,59,low
2025-10-05T08:30Z,53,59,low
2025-10-05T09:00Z,54,51,low
2025-10-05T09:30Z,51,46,low
2025-10-05T10:00Z,53,51,low
2025-10-05T10:30Z,52,47,low
2025-10-05T11:00Z,49,50,low
2025-10-05T11:30Z,49,49,low
2025-10-05T12:00Z,51,48,low
2025-10-05T12:30Z,51,48,low
2025-10-05T13:00Z,52,52,low
2025-10-05T13:30Z,51,49,low
2025-10-05T14:00Z,49,48,low
2025-10-05T14:30Z,49,62,low
2025-10-05T15:00Z,53,46,low
2025-10-05T15:30Z,54,48,low
2025-10-05T16:00Z,66,54,low
2025-10-05T16:30Z,74,57,low
2025-10-05T17:00Z,81,66,low
2025-10-05T17:30Z,87,72,low
2025-10-05T18:00Z,89,77,low
2025-10-05T18:30Z,89,86,low
2025-10-05T19:00Z,86,87,low
2025-10-05T19:30Z,76,81,low
2025-10-05T20:00Z,74,80,low
2025-10-05T20:30Z,68,70,low
2025-10-05T21:00Z,62,63,low
2025-10-05T21:30Z,61,56,low
2025-10-05T22:00Z,63,59,low
2025-10-05T22:30Z,60,59,low
2025-10-05T23:00Z,59,63,low
2025-10-05T23:30Z,59,64,low
2025-10-06T00:00Z,60,62,low
2025-10-06T00:30Z,63,58,low
2025-10-06T01:00Z,65,61,low
2025-10-06T01:30Z,64,59,low
2025-10-06T02:00Z,67,60,low
2025-10-06T02:30Z,71,61,low
2025-10-06T03:00Z,74,65,low
2025-10-06T03:30Z,81,69,low
2025-10-06T04:00Z,92,71,low
2025-10-06T04:30Z,97,78,low
2025-10-06T05:00Z,98,91,low
2025-10-06T05:30Z,111,96,moderate
2025-10-06T06:00Z,122,100,moderate
2025-10-06T06:30Z,133,105,moderate
2025-10-06T07:00Z,131,118,moderate
2025-10-06T07:30Z,126,124,moderate
2025-10-06T08:00Z,116,122,moderate
2025-10-06T08:30Z,107,122,moderate
2025-10-06T09:00Z,99,113,low
2025-10-06T09:30Z,88,106,low
2025-10-06T10:00Z,91,101,low
2025-10-06T10:30Z,91,90,low
2025-10-06T11:00Z,85,87,low
2025-10-06T11:30Z,88,86,low
2025-10-06T12:00Z,91,82,low
2025-10-06T12:30Z,92,83,low
2025-10-06T13:00Z,94,90,low
2025-10-06T13:30Z,98,88,low
2025-10-06T14:00Z,109,92,moderate
2025-10-06T14:30Z,118,95,moderate
2025-10-06T15:00Z,125,111,moderate
2025-10-06T15:30Z,142,123,moderate
2025-10-06T16:00Z,165,142,moderate
2025-10-06T16:30Z,176,154,moderate
2025-10-06T17:00Z,195,180,high
2025-10-06T17:30Z,192,183,high
2025-10-06T18:00Z,179,191,moderate
2025-10-06T18:30Z,175,188,moderate
2025-10-06T19:00Z,174,173,moderate
2025-10-06T19:30Z,174,163,moderate
2025-10-06T20:00Z,179,159,moderate
2025-10-06T20:30Z,177,152,moderate
2025-10-06T21:00Z,167,160,moderate
2025-10-06T21:30Z,157,170,moderate
2025-10-06T22:00Z,144,162,moderate
2025-10-06T22:30Z,137,131,moderate
2025-10-06T23:00Z,133,144,moderate
2025-10-06T23:30Z,129,143,moderate
2025-10-07T00:00Z,126,135,moderate
2025-10-07T00:30Z,123,131,moderate
2025-10-07T01:00Z,118,119,moderate
2025-10-07T01:30Z,111,117,moderate
2025-10-07T02:00Z,112,117,moderate
2025-10-07T02:30Z,113,113,moderate
2025-10-07T03:00Z,123,108,moderate
2025-10-07T03:30Z,122,113,moderate
2025-10-07T04:00Z,130,118,moderate
2025-10-07T04:30Z,140,121,moderate
2025-10-07T05:00Z,157,128,moderate
2025-10-07T05:30Z,177,139,moderate
2025-10-07T06:00Z,185,154,high
2025-10-07T06:30Z,189,181,high
2025-10-07T07:00Z,186,208,high
2025-10-07T07:30Z,188,191,high
2025-10-07T08:00Z,186,196,high
2025-10-07T08:30Z,184,193,high
2025-10-07T09:00Z,178,195,moderate
2025-10-07T09:30Z,170,183,moderate
2025-10-07T10:00Z,165,183,moderate
2025-10-07T10:30Z,161,166,moderate
2025-10-07T11:00Z,155,161,moderate
2025-10-07T11:30Z,154,164,moderate
2025-10-07T12:00Z,153,158,moderate
2025-10-07T12:30Z,152,156,moderate
2025-10-07T13:00Z,164,158,moderate
2025-10-07T13:30Z,165,162,moderate
2025-10-07T14:00Z,169,168,moderate
2025-10-07T14:30Z,178,175,moderate
2025-10-07T15:00Z,180,181,high
2025-10-07T15:30Z,191,196,high
2025-10-07T16:00Z,206,197,high
2025-10-07T16:30Z,212,206,high
2025-10-07T17:00Z,224,220,high
2025-10-07T17:30Z,229,223,high
2025-10-07T18:00Z,225,233,high
2025-10-07T18:30Z,226,236,high
2025-10-07T19:00Z,223,234,high
2025-10-07T19:30Z,221,232,high
2025-10-07T20:00Z,228,227,high
2025-10-07T20:30Z,225,220,high
2025-10-07T21:00Z,214,222,high
2025-10-07T21:30Z,207,215,high
2025-10-07T22:00Z,192,206,high
2025-10-07T22:30Z,186,199,high
2025-10-07T23:00Z,185,190,high
2025-10-07T23:30Z,185,183,high
2025-10-08T00:00Z,184,168,high
2025-10-08T00:30Z,186,188,high
2025-10-08T01:00Z,182,187,high
2025-10-08T01:30Z,179,187,moderate
2025-10-08T02:00Z,181,187,high
2025-10-08T02:30Z,180,185,high
2025-10-08T03:00Z,185,187,high
2025-10-08T03:30Z,187,186,high
2025-10-08T04:00Z,205,198,high
2025-10-08T04:30Z,213,202,high
2025-10-08T05:00Z,228,215,high
2025-10-08T05:30Z,236,239,high
2025-10-08T06:00Z,241,245,high
2025-10-08T06:30Z,240,247,high
2025-10-08T07:00Z,226,250,high
2025-10-08T07:30Z,224,244,high
2025-10-08T08:00Z,218,232,high
2025-10-08T08:30Z,213,227,high
2025-10-08T09:00Z,205,219,high
2025-10-08T09:30Z,195,210,high
2025-10-08T10:00Z,193,206,high
2025-10-08T10:30Z,189,195,high
2025-10-08T11:00Z,183,191,high
2025-10-08T11:30Z,181,188,high
2025-10-08T12:00Z,183,184,high
2025-10-08T12:30Z,176,176,moderate
2025-10-08T13:00Z,175,180,moderate
2025-10-08T13:30Z,174,174,moderate
2025-10-08T14:00Z,179,164,moderate
2025-10-08T14:30Z,183,162,high
2025-10-08T15:00Z,190,196,high
2025-10-08T15:30Z,200,198,high
2025-10-08T16:00Z,208,206,high
2025-10-08T16:30Z,214,210,high
2025-10-08T17:00Z,225,225,high
2025-10-08T17:30Z,231,223,high
2025-10-08T18:00Z,230,233,high
2025-10-08T18:30Z,226,231,high
2025-10-08T19:00Z,226,222,high
2025-10-08T19:30Z,223,214,high
2025-10-08T20:00Z,217,218,high
2025-10-08T20:30Z,210,202,high
2025-10-08T21:00Z,204,175,high
2025-10-08T21:30Z,179,160,moderate
2025-10-08T22:00Z,149,193,moderate
2025-10-08T22:30Z,132,175,moderate
2025-10-08T23:00Z,128,146,moderate
2025-10-08T23:30Z,128,143,moderate
2025-10-09T00:00Z,125,138,moderate
2025-10-09T00:30Z,122,129,moderate
2025-10-09T01:00Z,122,127,moderate
2025-10-09T01:30Z,121,121,moderate
2025-10-09T02:00Z,119,124,moderate
2025-10-09T02:30Z,126,123,moderate
2025-10-09T03:00Z,132,119,moderate
2025-10-09T03:30Z,130,126,moderate
2025-10-09T04:00Z,137,133,moderate
2025-10-09T04:30Z,153,139,moderate
2025-10-09T05:00Z,167,143,moderate
2025-10-09T05:30Z,174,159,moderate
2025-10-09T06:00Z,175,193,moderate
2025-10-09T06:30Z,182,191,high
2025-10-09T07:00Z,177,177,moderate
2025-10-09T07:30Z,170,176,moderate
2025-10-09T08:00Z,167,175,moderate
2025-10-09T08:30Z,155,164,moderate
2025-10-09T09:00Z,150,156,moderate
2025-10-09T09:30Z,141,142,moderate
2025-10-09T10:00Z,131,141,moderate
2025-10-09T10:30Z,129,138,moderate
2025-10-09T11:00Z,127,125,moderate
2025-10-09T11:30Z,124,121,moderate
2025-10-09T12:00Z,123,119,moderate
2025-10-09T12:30Z,119,117,moderate
2025-10-09T13:00Z,121,114,moderate
2025-10-09T13:30Z,121,113,moderate
2025-10-09T14:00Z,130,116,moderate
2025-10-09T14:30Z,141,123,moderate
2025-10-09T15:00Z,160,132,moderate
2025-10-09T15:30Z,177,161,moderate
2025-10-09T16:00Z,194,177,high
2025-10-09T16:30Z,202,192,high
2025-10-09T17:00Z,213,206,high
2025-10-09T17:30Z,218,210,high
2025-10-09T18:00Z,212,225,high
2025-10-09T18:30Z,208,225,high
2025-10-09T19:00Z,198,220,high
2025-10-09T19:30Z,195,211,high
2025-10-09T20:00Z,187,200,high
2025-10-09T20:30Z,176,197,moderate
2025-10-09T21:00Z,165,184,moderate
2025-10-09T21:30Z,154,167,moderate
2025-10-09T22:00Z,139,151,moderate
2025-10-09T22:30Z,136,153,moderate
2025-10-09T23:00Z,137,131,moderate
2025-10-09T23:30Z,140,138,moderate
2025-10-10T00:00Z,146,133,moderate
2025-10-10T00:30Z,147,137,moderate
2025-10-10T01:00Z,145,147,moderate
2025-10-10T01:30Z,143,145,moderate
2025-10-10T02:00Z,138,142,moderate
2025-10-10T02:30Z,140,140,moderate
2025-10-10T03:00Z,138,142,moderate
2025-10-10T03:30Z,144,140,moderate
2025-10-10T04:00Z,152,144,moderate
2025-10-10T04:30Z,167,143,moderate
2025-10-10T05:00Z,182,165,high
2025-10-10T05:30Z,194,187,high
2025-10-10T06:00Z,204,210,high
2025-10-10T06:30Z,206,208,high
2025-10-10T07:00Z,205,209,high
2025-10-10T07:30Z,201,204,high
2025-10-10T08:00Z,202,202,high
2025-10-10T08:30Z,198,200,high
2025-10-10T09:00Z,200,203,high
2025-10-10T09:30Z,197,203,high
2025-10-10T10:00Z,196,195,high
2025-10-10T10:30Z,195,197,high
2025-10-10T11:00Z,192,194,high
2025-10-10T11:30Z,190,192,high
2025-10-10T12:00Z,188,184,high
2025-10-10T12:30Z,188,187,high
2025-10-10T13:00Z,189,184,high
2025-10-10T13:30Z,188,185,high
2025-10-10T14:00Z,189,185,high
2025-10-10T14:30Z,191,189,high
2025-10-10T15:00Z,195,193,high
2025-10-10T15:30Z,201,205,high
2025-10-10T16:00Z,203,208,high
2025-10-10T16:30Z,207,212,high
2025-10-10T17:00Z,214,217,high
2025-10-10T17:30Z,212,215,high
2025-10-10T18:00Z,217,217,high
2025-10-10T18:30Z,216,216,high
2025-10-10T19:00Z,218,217,high
2025-10-10T19:30Z,213,216,high
2025-10-10T20:00Z,204,215,high
2025-10-10T20:30Z,205,206,high
2025-10-10T21:00Z,204,199,high
2025-10-10T21:30Z,204,201,high
2025-10-10T22:00Z,193,203,high
2025-10-10T22:30Z,186,200,high
2025-10-10T23:00Z,189,187,high
2025-10-10T23:30Z,191,190,high
2025-10-11T00:00Z,193,191,high
2025-10-11T00:30Z,195,196,high
2025-10-11T01:00Z,192,184,high
2025-10-11T01:30Z,190,182,high
2025-10-11T02:00Z,184,186,high
2025-10-11T02:30Z,189,177,high
2025-10-11T03:00Z,184,172,high
2025-10-11T03:30Z,181,185,high
2025-10-11T04:00Z,187,191,high
2025-10-11T04:30Z,189,183,high
2025-10-11T05:00Z,192,190,high
2025-10-11T05:30Z,202,196,high
2025-10-11T06:00Z,212,205,high
2025-10-11T06:30Z,216,201,high
2025-10-11T07:00Z,220,214,high
2025-10-11T07:30Z,219,216,high
2025-10-11T08:00Z,221,222,high
2025-10-11T08:30Z,216,218,high
2025-10-11T09:00Z,212,217,high
2025-10-11T09:30Z,207,214,high
2025-10-11T10:00Z,195,205,high
2025-10-11T10:30Z,192,212,high
2025-10-11T11:00Z,195,197,high
2025-10-11T11:30Z,194,189,high
2025-10-11T12:00Z,191,192,high
2025-10-11T12:30Z,189,186,high
2025-10-11T13:00Z,190,186,high
2025-10-11T13:30Z,191,183,high
2025-10-11T14:00Z,188,180,high
2025-10-11T14:30Z,192,184,high
2025-10-11T15:00Z,201,196,high
2025-10-11T15:30Z,213,198,high
2025-10-11T16:00Z,221,218,high
2025-10-11T16:30Z,233,231,high
2025-10-11T17:00Z,243,237,high
2025-10-11T17:30Z,246,246,high
2025-10-11T18:00Z,246,251,high
2025-10-11T18:30Z,243,254,high
2025-10-11T19:00Z,245,252,high
2025-10-11T19:30Z,247,251,high
2025-10-11T20:00Z,248,251,high
2025-10-11T20:30Z,246,246,high
2025-10-11T21:00Z,241,243,high
2025-10-11T21:30Z,235,237,high
2025-10-11T22:00Z,230,229,high
2025-10-11T22:30Z,224,232,high
2025-10-11T23:00Z,223,229,high
2025-10-11T23:30Z,222,232,high
2025-10-12T00:00Z,224,232,high
2025-10-12T00:30Z,222,224,high
2025-10-12T01:00Z,224,222,high
2025-10-12T01:30Z,225,221,high
2025-10-12T02:00Z,224,214,high
2025-10-12T02:30Z,224,227,high
2025-10-12T03:00Z,224,225,high
2025-10-12T03:30Z,224,227,high
2025-10-12T04:00Z,224,227,high
2025-10-12T04:30Z,224,228,high
2025-10-12T05:00Z,223,223,high
2025-10-12T05:30Z,231,225,high
2025-10-12T06:00Z,236,228,high
2025-10-12T06:30Z,240,236,high
2025-10-12T07:00Z,244,239,high
2025-10-12T07:30Z,242,240,high
2025-10-12T08:00Z,243,246,high
2025-10-12T08:30Z,241,244,high
2025-10-12T09:00Z,235,243,high
2025-10-12T09:30Z,233,234,high
2025-10-12T10:00Z,230,235,high
2025-10-12T10:30Z,226,234,high
2025-10-12T11:00Z,224,227,high
2025-10-12T11:30Z,225,226,high
2025-10-12T12:00Z,227,220,high
2025-10-12T12:30Z,229,222,high
2025-10-12T13:00Z,228,224,high
2025-10-12T13:30Z,226,228,high
2025-10-12T14:00Z,227,236,high
2025-10-12T14:30Z,236,233,high
2025-10-12T15:00Z,243,235,high
2025-10-12T15:30Z,248,245,high
2025-10-12T16:00Z,251,253,very high
2025-10-12T16:30Z,256,258,very high
2025-10-12T17:00Z,262,266,very high
2025-10-12T17:30Z,265,274,very high
2025-10-12T18:00Z,265,272,very high
2025-10-12T18:30Z,264,271,very high
2025-10-12T19:00Z,265,269,very high
2025-10-12T19:30Z,264,270,very high
2025-10-12T20:00Z,262,269,very high
2025-10-12T20:30Z,259,263,very high
2025-10-12T21:00Z,256,260,very high
2025-10-12T21:30Z,251,256,very high
2025-10-12T22:00Z,240,251,high
2025-10-12T22:30Z,237,246,high
2025-10-12T23:00Z,235,240,high
2025-10-12T23:30Z,233,236,high
2025-10-13T00:00Z,234,239,high
2025-10-13T00:30Z,232,233,high
2025-10-13T01:00Z,235,233,high
2025-10-13T01:30Z,237,233,high
2025-10-13T02:00Z,238,231,high
2025-10-13T02:30Z,238,239,high
2025-10-13T03:00Z,245,241,high
2025-10-13T03:30Z,248,240,high
2025-10-13T04:00Z,252,249,very high
2025-10-13T04:30Z,259,259,very high
2025-10-13T05:00Z,268,259,very high
2025-10-13T05:30Z,276,270,very high
2025-10-13T06:00Z,275,279,very high
2025-10-13T06:30Z,275,282,very high
2025-10-13T07:00Z,272,280,very high
2025-10-13T07:30Z,272,277,very high
2025-10-13T08:00Z,272,279,very high
2025-10-13T08:30Z,270,275,very high
2025-10-13T09:00Z,271,274,very high
2025-10-13T09:30Z,270,271,very high
2025-10-13T10:00Z,268,270,very high
2025-10-13T10:30Z,266,268,very high
2025-10-13T11:00Z,265,269,very high
2025-10-13T11:30Z,264,264,very high
2025-10-13T12:00Z,268,266,very high
2025-10-13T12:30Z,269,262,very high
2025-10-13T13:00Z,267,265,very high
2025-10-13T13:30Z,267,265,very high
2025-10-13T14:00Z,264,261,very high
2025-10-13T14:30Z,264,263,very high
2025-10-13T15:00Z,264,266,very high
2025-10-13T15:30Z,267,271,very high
2025-10-13T16:00Z,266,278,very high
2025-10-13T16:30Z,268,279,very high
2025-10-13T17:00Z,269,275,very high
2025-10-13T17:30Z,270,285,very high
2025-10-13T18:00Z,272,281,very high
2025-10-13T18:30Z,269,283,very high
2025-10-13T19:00Z,270,281,very high
2025-10-13T19:30Z,272,281,very high
2025-10-13T20:00Z,276,280,very high
2025-10-13T20:30Z,276,278,very high
2025-10-13T21:00Z,277,281,very high
2025-10-13T21:30Z,273,279,very high
2025-10-13T22:00Z,266,271,very high
2025-10-13T22:30Z,262,267,very high
2025-10-13T23:00Z,261,266,very high
2025-10-13T23:30Z,261,263,very high
2025-10-14T00:00Z,258,264,very high
2025-10-14T00:30Z,256,264,very high
2025-10-14T01:00Z,252,261,very high
2025-10-14T01:30Z,249,254,high
2025-10-14T02:00Z,249,252,high
2025-10-14T02:30Z,248,249,high
2025-10-14T03:00Z,252,241,very high
2025-10-14T03:30Z,253,250,very high
2025-10-14T04:00Z,259,254,very high
2025-10-14T04:30Z,263,260,very high
2025-10-14T05:00Z,271,262,very high
2025-10-14T05:30Z,276,272,very high
2025-10-14T06:00Z,279,280,very high
2025-10-14T06:30Z,278,281,very high
2025-10-14T07:00Z,273,282,very high
2025-10-14T07:30Z,272,281,very high
2025-10-14T08:00Z,267,279,very high
2025-10-14T08:30Z,268,277,very high
2025-10-14T09:00Z,266,273,very high
2025-10-14T09:30Z,263,265,very high
2025-10-14T10:00Z,265,264,very high
2025-10-14T10:30Z,262,261,very high
2025-10-14T11:00Z,262,259,very high
2025-10-14T11:30Z,263,258,very high
2025-10-14T12:00Z,253,258,very high
2025-10-14T12:30Z,253,259,very high
2025-10-14T13:00Z,250,253,very high
2025-10-14T13:30Z,249,248,high
2025-10-14T14:00Z,248,249,high
2025-10-14T14:30Z,246,249,high
2025-10-14T15:00Z,249,250,high
2025-10-14T15:30Z,252,250,very high
2025-10-14T16:00Z,251,252,very high
2025-10-14T16:30Z,253,254,very high
2025-10-14T17:00Z,254,255,very high
2025-10-14T17:30Z,252,259,very high
2025-10-14T18:00Z,256,259,very high
2025-10-14T18:30Z,257,258,very high
2025-10-14T19:00Z,257,255,very high
2025-10-14T19:30Z,254,257,very high
2025-10-14T20:00Z,256,259,very high
2025-10-14T20:30Z,254,263,very high
2025-10-14T21:00Z,254,256,very high
2025-10-14T21:30Z,249,253,high
2025-10-14T22:00Z,247,257,high
2025-10-14T22:30Z,243,246,high
2025-10-14T23:00Z,241,246,high
2025-10-14T23:30Z,239,243,high
2025-10-15T00:00Z,236,241,high
2025-10-15T00:30Z,234,237,high
2025-10-15T01:00Z,235,235,high
2025-10-15T01:30Z,233,228,high
2025-10-15T02:00Z,232,227,high
2025-10-15T02:30Z,231,231,high
2025-10-15T03:00Z,230,233,high
2025-10-15T03:30Z,229,231,high
2025-10-15T04:00Z,236,231,high
2025-10-15T04:30Z,242,233,high
2025-10-15T05:00Z,252,251,very high
2025-10-15T05:30Z,260,250,very high
2025-10-15T06:00Z,262,263,very high
2025-10-15T06:30Z,265,265,very high
2025-10-15T07:00Z,260,268,very high
2025-10-15T07:30Z,259,268,very high
2025-10-15T08:00Z,255,261,very high
2025-10-15T08:30Z,254,262,very high
2025-10-15T09:00Z,253,255,very high
2025-10-15T09:30Z,252,257,very high
2025-10-15T10:00Z,250,255,very high
2025-10-15T10:30Z,246,250,high
2025-10-15T11:00Z,246,247,high
2025-10-15T11:30Z,245,240,high
2025-10-15T12:00Z,245,243,high
2025-10-15T12:30Z,240,240,high
2025-10-15T13:00Z,238,236,high
2025-10-15T13:30Z,238,241,high
2025-10-15T14:00Z,233,241,high
2025-10-15T14:30Z,235,239,high
2025-10-15T15:00Z,238,243,high
2025-10-15T15:30Z,238,243,high
2025-10-15T16:00Z,242,246,high
2025-10-15T16:30Z,246,249,high
2025-10-15T17:00Z,255,253,very high
2025-10-15T17:30Z,254,257,very high
2025-10-15T18:00Z,251,264,very high
2025-10-15T18:30Z,252,264,very high
2025-10-15T19:00Z,251,263,very high
2025-10-15T19:30Z,250,256,very high
2025-10-15T20:00Z,247,257,high
2025-10-15T20:30Z,247,253,high
2025-10-15T21:00Z,240,247,high
2025-10-15T21:30Z,233,239,high
2025-10-15T22:00Z,221,236,high
2025-10-15T22:30Z,209,221,high
2025-10-15T23:00Z,209,216,high
2025-10-15T23:30Z,207,213,high
2025-10-16T00:00Z,208,206,high
2025-10-16T00:30Z,204,207,high
2025-10-16T01:00Z,204,210,high
2025-10-16T01:30Z,207,207,high
2025-10-16T02:00Z,203,205,high
2025-10-16T02:30Z,200,206,high
2025-10-16T03:00Z,197,204,high
2025-10-16T03:30Z,194,196,high
2025-10-16T04:00Z,213,196,high
2025-10-16T04:30Z,220,197,high
2025-10-16T05:00Z,240,217,high
2025-10-16T05:30Z,246,229,high
2025-10-16T06:00Z,248,252,high
2025-10-16T06:30Z,248,257,high
2025-10-16T07:00Z,244,255,high
2025-10-16T07:30Z,245,252,high
2025-10-16T08:00Z,244,251,high
2025-10-16T08:30Z,243,249,high
2025-10-16T09:00Z,239,249,high
2025-10-16T09:30Z,235,248,high
2025-10-16T10:00Z,230,242,high
2025-10-16T10:30Z,226,239,high
2025-10-16T11:00Z,225,233,high
2025-10-16T11:30Z,219,230,high
2025-10-16T12:00Z,215,233,high
2025-10-16T12:30Z,216,227,high
2025-10-16T13:00Z,222,225,high
2025-10-16T13:30Z,224,226,high
2025-10-16T14:00Z,229,229,high
2025-10-16T14:30Z,235,231,high
2025-10-16T15:00Z,238,236,high
2025-10-16T15:30Z,239,244,high
2025-10-16T16:00Z,251,250,very high
2025-10-16T16:30Z,259,259,very high
2025-10-16T17:00Z,267,273,very high
2025-10-16T17:30Z,266,273,very high
2025-10-16T18:00Z,259,281,very high
2025-10-16T18:30Z,259,281,very high
2025-10-16T19:00Z,266,275,very high
2025-10-16T19:30Z,264,273,very high
2025-10-16T20:00Z,252,277,very high
2025-10-16T20:30Z,246,274,high
2025-10-16T21:00Z,245,266,high
2025-10-16T21:30Z,234,255,high
2025-10-16T22:00Z,224,253,high
2025-10-16T22:30Z,221,239,high
2025-10-16T23:00Z,224,230,high
2025-10-16T23:30Z,222,232,high
2025-10-17T00:00Z,221,234,high
2025-10-17T00:30Z,219,230,high
2025-10-17T01:00Z,219,229,high
2025-10-17T01:30Z,217,223,high
2025-10-17T02:00Z,214,225,high
2025-10-17T02:30Z,216,223,high
2025-10-17T03:00Z,220,219,high
2025-10-17T03:30Z,216,223,high
2025-10-17T04:00Z,237,227,high
2025-10-17T04:30Z,243,232,high
2025-10-17T05:00Z,258,251,very high
2025-10-17T05:30Z,263,258,very high
2025-10-17T06:00Z,268,267,very high
2025-10-17T06:30Z,270,273,very high
2025-10-17T07:00Z,259,273,very high
2025-10-17T07:30Z,259,277,very high
2025-10-17T08:00Z,252,272,very high
2025-10-17T08:30Z,250,273,very high
2025-10-17T09:00Z,254,265,very high
2025-10-17T09:30Z,251,259,very high
2025-10-17T10:00Z,252,262,very high
2025-10-17T10:30Z,250,259,very high
2025-10-17T11:00Z,247,261,high
2025-10-17T11:30Z,243,257,high
2025-10-17T12:00Z,238,254,high
2025-10-17T12:30Z,236,251,high
2025-10-17T13:00Z,240,246,high
2025-10-17T13:30Z,239,240,high
2025-10-17T14:00Z,241,246,high
2025-10-17T14:30Z,244,243,high
2025-10-17T15:00Z,242,249,high
2025-10-17T15:30Z,245,253,high
2025-10-17T16:00Z,246,256,high
2025-10-17T16:30Z,248,263,high
2025-10-17T17:00Z,254,269,very high
2025-10-17T17:30Z,253,260,very high
2025-10-17T18:00Z,251,269,very high
2025-10-17T18:30Z,250,267,very high
2025-10-17T19:00Z,256,268,very high
2025-10-17T19:30Z,253,269,very high
2025-10-17T20:00Z,251,264,very high
2025-10-17T20:30Z,246,262,high
2025-10-17T21:00Z,247,253,high
2025-10-17T21:30Z,237,244,high
2025-10-17T22:00Z,211,239,high
2025-10-17T22:30Z,202,221,high
2025-10-17T23:00Z,195,206,high
2025-10-17T23:30Z,192,201,high
2025-10-18T00:00Z,186,197,high
2025-10-18T00:30Z,185,195,high
2025-10-18T01:00Z,181,192,high
2025-10-18T01:30Z,178,192,moderate
2025-10-18T02:00Z,176,164,moderate
2025-10-18T02:30Z,175,174,moderate
2025-10-18T03:00Z,171,179,moderate
2025-10-18T03:30Z,170,174,moderate
2025-10-18T04:00Z,174,177,moderate
2025-10-18T04:30Z,176,177,moderate
2025-10-18T05:00Z,180,177,high
2025-10-18T05:30Z,183,189,high
2025-10-18T06:00Z,181,189,high
2025-10-18T06:30Z,177,190,moderate
2025-10-18T07:00Z,177,185,moderate
2025-10-18T07:30Z,174,180,moderate
2025-10-18T08:00Z,168,179,moderate
2025-10-18T08:30Z,161,175,moderate
2025-10-18T09:00Z,154,172,moderate
2025-10-18T09:30Z,148,164,moderate
2025-10-18T10:00Z,145,155,moderate
2025-10-18T10:30Z,144,150,moderate
2025-10-18T11:00Z,144,143,moderate
2025-10-18T11:30Z,143,145,moderate
2025-10-18T12:00Z,140,134,moderate
2025-10-18T12:30Z,139,145,moderate
2025-10-18T13:00Z,138,134,moderate
2025-10-18T13:30Z,137,142,moderate
2025-10-18T14:00Z,132,131,moderate
2025-10-18T14:30Z,138,127,moderate
2025-10-18T15:00Z,147,131,moderate
2025-10-18T15:30Z,150,139,moderate
2025-10-18T16:00Z,153,168,moderate
2025-10-18T16:30Z,150,153,moderate
2025-10-18T17:00Z,140,158,moderate
2025-10-18T17:30Z,133,152,moderate
2025-10-18T18:00Z,133,143,moderate
2025-10-18T18:30Z,131,136,moderate
2025-10-18T19:00Z,123,124,moderate
2025-10-18T19:30Z,112,126,moderate
2025-10-18T20:00Z,94,112,low
2025-10-18T20:30Z,80,106,low
2025-10-18T21:00Z,67,90,low
2025-10-18T21:30Z,66,75,low
2025-10-18T22:00Z,65,63,low
2025-10-18T22:30Z,61,52,low
2025-10-18T23:00Z,60,54,low
2025-10-18T23:30Z,60,55,low
2025-10-19T00:00Z,62,61,low
2025-10-19T00:30Z,63,62,low
2025-10-19T01:00Z,64,54,low
2025-10-19T01:30Z,61,53,low
2025-10-19T02:00Z,59,53,low
2025-10-19T02:30Z,58,53,low
2025-10-19T03:00Z,55,53,low
2025-10-19T03:30Z,54,52,low
2025-10-19T04:00Z,53,52,low
2025-10-19T04:30Z,54,55,low
2025-10-19T05:00Z,57,53,low
2025-10-19T05:30Z,61,53,low
2025-10-19T06:00Z,60,53,low
2025-10-19T06:30Z,63,55,low
2025-10-19T07:00Z,61,55,low
2025-10-19T07:30Z,62,55,low
2025-10-19T08:00Z,59,58,low
2025-10-19T08:30Z,55,58,low
2025-10-19T09:00Z,64,58,low
2025-10-19T09:30Z,63,54,low
2025-10-19T10:00Z,62,62,low
2025-10-19T10:30Z,62,60,low
2025-10-19T11:00Z,66,60,low
2025-10-19T11:30Z,68,61,low
2025-10-19T12:00Z,72,63,low
2025-10-19T12:30Z,73,66,low
2025-10-19T13:00Z,71,71,low
2025-10-19T13:30Z,68,65,low
2025-10-19T14:00Z,62,57,low
2025-10-19T14:30Z,63,59,low
2025-10-19T15:00Z,65,60,low
2025-10-19T15:30Z,71,62,low
2025-10-19T16:00Z,75,63,low
2025-10-19T16:30Z,78,68,low
2025-10-19T17:00Z,86,71,low
2025-10-19T17:30Z,88,73,low
2025-10-19T18:00Z,89,81,low
2025-10-19T18:30Z,82,87,low
2025-10-19T19:00Z,80,86,low
2025-10-19T19:30Z,73,87,low
2025-10-19T20:00Z,71,75,low
2025-10-19T20:30Z,66,74,low
2025-10-19T21:00Z,65,65,low
2025-10-19T21:30Z,66,63,low
2025-10-19T22:00Z,67,60,low
2025-10-19T22:30Z,68,61,low
2025-10-19T23:00Z,71,67,low
2025-10-19T23:30Z,72,68,low
2025-10-20T00:00Z,73,72,low
2025-10-20T00:30Z,75,74,low
2025-10-20T01:00Z,77,73,low
2025-10-20T01:30Z,78,77,low
2025-10-20T02:00Z,73,79,low
2025-10-20T02:30Z,72,78,low
2025-10-20T03:00Z,70,73,low
2025-10-20T03:30Z,72,69,low
2025-10-20T04:00Z,77,76,low
2025-10-20T04:30Z,87,72,low
2025-10-20T05:00Z,101,78,moderate
2025-10-20T05:30Z,118,93,moderate
2025-10-20T06:00Z,148,111,moderate
2025-10-20T06:30Z,158,142,moderate
2025-10-20T07:00Z,162,154,moderate
2025-10-20T07:30Z,167,168,moderate
2025-10-20T08:00Z,162,160,moderate
2025-10-20T08:30Z,162,171,moderate
2025-10-20T09:00Z,165,168,moderate
2025-10-20T09:30Z,159,170,moderate
2025-10-20T10:00Z,156,170,moderate
2025-10-20T10:30Z,156,164,moderate
2025-10-20T11:00Z,159,162,moderate
2025-10-20T11:30Z,154,159,moderate
2025-10-20T12:00Z,153,161,moderate
2025-10-20T12:30Z,151,157,moderate
2025-10-20T13:00Z,154,158,moderate
2025-10-20T13:30Z,154,156,moderate
2025-10-20T14:00Z,155,154,moderate
2025-10-20T14:30Z,159,169,moderate
2025-10-20T15:00Z,169,163,moderate
2025-10-20T15:30Z,172,171,moderate
2025-10-20T16:00Z,178,179,moderate
2025-10-20T16:30Z,182,183,high
2025-10-20T17:00Z,188,190,high
2025-10-20T17:30Z,191,196,high
2025-10-20T18:00Z,196,206,high
2025-10-20T18:30Z,196,207,high
2025-10-20T19:00Z,194,208,high
2025-10-20T19:30Z,194,205,high
2025-10-20T20:00Z,195,202,high
2025-10-20T20:30Z,186,203,high
2025-10-20T21:00Z,177,197,moderate
2025-10-20T21:30Z,168,186,moderate
2025-10-20T22:00Z,148,173,moderate
2025-10-20T22:30Z,133,180,moderate
2025-10-20T23:00Z,127,149,moderate
2025-10-20T23:30Z,124,146,moderate
2025-10-21T00:00Z,119,144,moderate
2025-10-21T00:30Z,116,113,moderate
2025-10-21T01:00Z,117,115,moderate
2025-10-21T01:30Z,112,107,moderate
2025-10-21T02:00Z,111,106,moderate
2025-10-21T02:30Z,106,104,moderate
2025-10-21T03:00Z,105,95,moderate
2025-10-21T03:30Z,102,91,moderate
2025-10-21T04:00Z,89,95,low
2025-10-21T04:30Z,84,92,low
2025-10-21T05:00Z,98,94,low
2025-10-21T05:30Z,114,90,moderate
2025-10-21T06:00Z,127,102,moderate
2025-10-21T06:30Z,135,110,moderate
2025-10-21T07:00Z,141,125,moderate
2025-10-21T07:30Z,139,130,moderate
2025-10-21T08:00Z,137,134,moderate
2025-10-21T08:30Z,132,143,moderate
2025-10-21T09:00Z,127,135,moderate
2025-10-21T09:30Z,121,130,moderate
2025-10-21T10:00Z,111,124,moderate
2025-10-21T10:30Z,106,114,moderate
2025-10-21T11:00Z,97,103,low
2025-10-21T11:30Z,93,102,low
2025-10-21T12:00Z,93,97,low
2025-10-21T12:30Z,90,82,low
2025-10-21T13:00Z,92,85,low
2025-10-21T13:30Z,93,86,low
2025-10-21T14:00Z,91,83,low
2025-10-21T14:30Z,94,90,low
2025-10-21T15:00Z,88,85,low
2025-10-21T15:30Z,91,87,low
2025-10-21T16:00Z,100,100,moderate
2025-10-21T16:30Z,104,94,moderate
2025-10-21T17:00Z,112,97,moderate
2025-10-21T17:30Z,111,100,moderate
2025-10-21T18:00Z,104,111,moderate
2025-10-21T18:30Z,100,111,moderate
2025-10-21T19:00Z,90,106,low
2025-10-21T19:30Z,78,90,low
2025-10-21T20:00Z,69,81,low
2025-10-21T20:30Z,65,65,low
2025-10-21T21:00Z,58,64,low
2025-10-21T21:30Z,57,62,low
2025-10-21T22:00Z,58,59,low
2025-10-21T22:30Z,58,53,low
2025-10-21T23:00Z,56,59,low
2025-10-21T23:30Z,57,62,low
2025-10-22T00:00Z,62,61,low
2025-10-22T00:30Z,63,58,low
2025-10-22T01:00Z,64,61,low
2025-10-22T01:30Z,65,66,low
2025-10-22T02:00Z,60,67,low
2025-10-22T02:30Z,62,67,low
2025-10-22T03:00Z,68,66,low
2025-10-22T03:30Z,68,72,low
2025-10-22T04:00Z,75,76,low
2025-10-22T04:30Z,94,85,low
2025-10-22T05:00Z,122,80,moderate
2025-10-22T05:30Z,147,94,moderate
2025-10-22T06:00Z,172,137,moderate
2025-10-22T06:30Z,183,161,high
2025-10-22T07:00Z,192,187,high
2025-10-22T07:30Z,198,197,high
2025-10-22T08:00Z,192,197,high
2025-10-22T08:30Z,189,201,high
2025-10-22T09:00Z,190,203,high
2025-10-22T09:30Z,184,195,high
2025-10-22T10:00Z,174,194,moderate
2025-10-22T10:30Z,170,185,moderate
2025-10-22T11:00Z,165,174,moderate
2025-10-22T11:30Z,163,172,moderate
2025-10-22T12:00Z,169,166,moderate
2025-10-22T12:30Z,176,161,moderate
2025-10-22T13:00Z,188,175,high
2025-10-22T13:30Z,197,184,high
2025-10-22T14:00Z,204,200,high
2025-10-22T14:30Z,211,211,high
2025-10-22T15:00Z,217,217,high
2025-10-22T15:30Z,227,231,high
2025-10-22T16:00Z,238,237,high
2025-10-22T16:30Z,240,248,high
2025-10-22T17:00Z,241,255,high
2025-10-22T17:30Z,241,252,high
2025-10-22T18:00Z,239,256,high
2025-10-22T18:30Z,239,255,high
2025-10-22T19:00Z,247,257,high
2025-10-22T19:30Z,240,253,high
2025-10-22T20:00Z,235,256,high
2025-10-22T20:30Z,225,247,high
2025-10-22T21:00Z,211,240,high
2025-10-22T21:30Z,195,229,high
2025-10-22T22:00Z,174,207,moderate
2025-10-22T22:30Z,157,187,moderate
2025-10-22T23:00Z,148,209,moderate
2025-10-22T23:30Z,136,209,moderate
2025-10-23T00:00Z,118,179,moderate
2025-10-23T00:30Z,114,125,moderate
2025-10-23T01:00Z,106,111,moderate
2025-10-23T01:30Z,101,104,moderate
2025-10-23T02:00Z,89,101,low
2025-10-23T02:30Z,83,94,low
2025-10-23T03:00Z,71,85,low
2025-10-23T03:30Z,68,84,low
2025-10-23T04:00Z,68,71,low
2025-10-23T04:30Z,65,67,low
2025-10-23T05:00Z,74,67,low
2025-10-23T05:30Z,84,74,low
2025-10-23T06:00Z,95,76,low
2025-10-23T06:30Z,100,89,moderate
2025-10-23T07:00Z,102,99,moderate
2025-10-23T07:30Z,102,93,moderate
2025-10-23T08:00Z,103,94,moderate
2025-10-23T08:30Z,101,95,moderate
2025-10-23T09:00Z,95,98,low
2025-10-23T09:30Z,88,94,low
2025-10-23T10:00Z,81,92,low
2025-10-23T10:30Z,74,77,low
2025-10-23T11:00Z,65,65,low
2025-10-23T11:30Z,56,75,low
2025-10-23T12:00Z,49,61,low
2025-10-23T12:30Z,45,52,low
2025-10-23T13:00Z,41,42,low
2025-10-23T13:30Z,45,39,low
2025-10-23T14:00Z,50,37,low
2025-10-23T14:30Z,54,39,low
2025-10-23T15:00Z,58,42,low
2025-10-23T15:30Z,64,48,low
2025-10-23T16:00Z,74,52,low
2025-10-23T16:30Z,77,59,low
2025-10-23T17:00Z,81,73,low
2025-10-23T17:30Z,79,72,low
2025-10-23T18:00Z,75,72,low
2025-10-23T18:30Z,64,71,low
2025-10-23T19:00Z,61,70,low
2025-10-23T19:30Z,52,64,low
2025-10-23T20:00Z,52,62,low
2025-10-23T20:30Z,50,53,low
2025-10-23T21:00Z,52,50,low
2025-10-23T21:30Z,54,45,low
2025-10-23T22:00Z,51,43,low
2025-10-23T22:30Z,50,54,low
2025-10-23T23:00Z,51,49,low
2025-10-23T23:30Z,49,53,low
2025-10-24T00:00Z,54,55,low
2025-10-24T00:30Z,55,51,low
2025-10-24T01:00Z,52,47,low
2025-10-24T01:30Z,52,59,low
2025-10-24T02:00Z,58,49,low
2025-10-24T02:30Z,58,49,low
2025-10-24T03:00Z,56,51,low
2025-10-24T03:30Z,54,54,low
2025-10-24T04:00Z,56,51,low
2025-10-24T04:30Z,58,49,low
2025-10-24T05:00Z,55,51,low
2025-10-24T05:30Z,63,73,low
2025-10-24T06:00Z,75,53,low
2025-10-24T06:30Z,82,58,low
2025-10-24T07:00Z,85,72,low
2025-10-24T07:30Z,81,78,low
2025-10-24T08:00Z,78,82,low
2025-10-24T08:30Z,72,79,low
2025-10-24T09:00Z,65,70,low
2025-10-24T09:30Z,57,66,low
2025-10-24T10:00Z,54,61,low
2025-10-24T10:30Z,55,52,low
2025-10-24T11:00Z,53,52,low
2025-10-24T11:30Z,54,50,low
2025-10-24T12:00Z,56,48,low
2025-10-24T12:30Z,56,49,low
2025-10-24T13:00Z,57,50,low
2025-10-24T13:30Z,58,50,low
2025-10-24T14:00Z,61,52,low
2025-10-24T14:30Z,64,54,low
2025-10-24T15:00Z,66,59,low
2025-10-24T15:30Z,71,61,low
2025-10-24T16:00Z,73,62,low
2025-10-24T16:30Z,76,65,low
2025-10-24T17:00Z,76,65,low
2025-10-24T17:30Z,73,70,low
2025-10-24T18:00Z,76,65,low
2025-10-24T18:30Z,70,65,low
2025-10-24T19:00Z,70,64,low
2025-10-24T19:30Z,64,64,low
2025-10-24T20:00Z,70,64,low
2025-10-24T20:30Z,68,60,low
2025-10-24T21:00Z,60,57,low
2025-10-24T21:30Z,55,62,low
2025-10-24T22:00Z,55,54,low
2025-10-24T22:30Z,54,48,low
2025-10-24T23:00Z,54,53,low
2025-10-24T23:30Z,52,50,low
2025-10-25T00:00Z,51,48,low
2025-10-25T00:30Z,55,53,low
2025-10-25T01:00Z,59,52,low
2025-10-25T01:30Z,57,55,low
2025-10-25T02:00Z,54,57,low
2025-10-25T02:30Z,51,60,low
2025-10-25T03:00Z,51,53,low
2025-10-25T03:30Z,51,51,low
2025-10-25T04:00Z,52,50,low
2025-10-25T04:30Z,54,48,low
2025-10-25T05:00Z,53,49,low
2025-10-25T05:30Z,54,54,low
2025-10-25T06:00Z,51,52,low
2025-10-25T06:30Z,55,50,low
2025-10-25T07:00Z,56,49,low
2025-10-25T07:30Z,60,41,low
2025-10-25T08:00Z,63,49,low
2025-10-25T08:30Z,57,48,low
2025-10-25T09:00Z,55,53,low
2025-10-25T09:30Z,54,48,low
2025-10-25T10:00Z,53,48,low
2025-10-25T10:30Z,51,44,low
2025-10-25T11:00Z,53,43,low
2025-10-25T11:30Z,53,39,low
2025-10-25T12:00Z,49,40,low
2025-10-25T12:30Z,48,41,low
2025-10-25T13:00Z,45,43,low
2025-10-25T13:30Z,44,39,low
2025-10-25T14:00Z,44,37,low
2025-10-25T14:30Z,49,35,low
2025-10-25T15:00Z,47,37,low
2025-10-25T15:30Z,57,43,low
2025-10-25T16:00Z,64,42,low
2025-10-25T16:30Z,69,54,low
2025-10-25T17:00Z,73,60,low
2025-10-25T17:30Z,73,63,low
2025-10-25T18:00Z,68,67,low
2025-10-25T18:30Z,65,67,low
2025-10-25T19:00Z,63,59,low
2025-10-25T19:30Z,60,60,low
2025-10-25T20:00Z,62,56,low
2025-10-25T20:30Z,62,56,low
2025-10-25T21:00Z,61,60,low
2025-10-25T21:30Z,53,58,low
2025-10-25T22:00Z,57,58,low
2025-10-25T22:30Z,53,51,low
2025-10-25T23:00Z,56,53,low
2025-10-25T23:30Z,56,53,low
2025-10-26T00:00Z,62,52,low
2025-10-26T00:30Z,63,53,low
2025-10-26T01:00Z,65,57,low
2025-10-26T01:30Z,66,59,low
2025-10-26T02:00Z,62,59,low
2025-10-26T02:30Z,59,62,low
2025-10-26T03:00Z,55,58,low
2025-10-26T03:30Z,56,57,low
2025-10-26T04:00Z,58,53,low
2025-10-26T04:30Z,58,55,low
2025-10-26T05:00Z,61,59,low
2025-10-26T05:30Z,60,62,low
2025-10-26T06:00Z,65,64,low
2025-10-26T06:30Z,65,66,low
2025-10-26T07:00Z,64,65,low
2025-10-26T07:30Z,66,61,low
2025-10-26T08:00Z,65,62,low
2025-10-26T08:30Z,62,65,low
2025-10-26T09:00Z,58,66,low
2025-10-26T09:30Z,53,62,low
2025-10-26T10:00Z,52,61,low
2025-10-26T10:30Z,52,61,low
2025-10-26T11:00Z,51,61,low
2025-10-26T11:30Z,51,62,low
2025-10-26T12:00Z,51,65,low
2025-10-26T12:30Z,49,66,low
2025-10-26T13:00Z,51,68,low
2025-10-26T13:30Z,53,67,low
2025-10-26T14:00Z,57,67,low
2025-10-26T14:30Z,59,67,low
2025-10-26T15:00Z,58,64,low
2025-10-26T15:30Z,57,65,low
2025-10-26T16:00Z,58,66,low
2025-10-26T16:30Z,57,67,low
2025-10-26T17:00Z,57,67,low
2025-10-26T17:30Z,56,67,low
2025-10-26T18:00Z,49,68,low
2025-10-26T18:30Z,46,67,low
2025-10-26T19:00Z,46,65,low
2025-10-26T19:30Z,44,65,low
2025-10-26T20:00Z,39,64,low
2025-10-26T20:30Z,39,60,low
2025-10-26T21:00Z,34,55,low
2025-10-26T21:30Z,33,50,low
2025-10-26T22:00Z,37,50,low
2025-10-26T22:30Z,35,51,low
2025-10-26T23:00Z,35,51,low
2025-10-26T23:30Z,35,50,low
2025-10-27T00:00Z,35,50,low
2025-10-27T00:30Z,37,52,low
2025-10-27T01:00Z,35,53,low
2025-10-27T01:30Z,35,52,low
2025-10-27T02:00Z,34,53,low
2025-10-27T02:30Z,35,54,low
2025-10-27T03:00Z,35,55,low
2025-10-27T03:30Z,36,55,low
2025-10-27T04:00Z,41,55,low
2025-10-27T04:30Z,42,55,low
2025-10-27T05:00Z,47,56,low
2025-10-27T05:30Z,53,59,low
2025-10-27T06:00Z,50,59,low
2025-10-27T06:30Z,58,61,low
2025-10-27T07:00Z,57,65,low
2025-10-27T07:30Z,60,50,low
2025-10-27T08:00Z,61,55,low
2025-10-27T08:30Z,62,58,low
2025-10-27T09:00Z,62,62,low
2025-10-27T09:30Z,62,59,low
2025-10-27T10:00Z,56,58,low
2025-10-27T10:30Z,55,67,low
2025-10-27T11:00Z,59,57,low
2025-10-27T11:30Z,58,53,low
2025-10-27T12:00Z,61,58,low
2025-10-27T12:30Z,63,58,low
2025-10-27T13:00Z,67,61,low
2025-10-27T13:30Z,77,62,low
2025-10-27T14:00Z,89,63,low
2025-10-27T14:30Z,104,81,moderate
2025-10-27T15:00Z,118,107,moderate
2025-10-27T15:30Z,140,113,moderate
2025-10-27T16:00Z,153,151,moderate
2025-10-27T16:30Z,160,172,moderate
2025-10-27T17:00Z,171,172,moderate
2025-10-27T17:30Z,173,178,moderate
2025-10-27T18:00Z,177,177,moderate
2025-10-27T18:30Z,178,178,moderate
2025-10-27T19:00Z,178,184,moderate
2025-10-27T19:30Z,175,180,moderate
2025-10-27T20:00Z,159,181,moderate
2025-10-27T20:30Z,143,162,moderate
2025-10-27T21:00Z,123,141,moderate
2025-10-27T21:30Z,103,138,moderate
2025-10-27T22:00Z,75,110,low
2025-10-27T22:30Z,65,78,low
2025-10-27T23:00Z,60,67,low
2025-10-27T23:30Z,52,51,low
2025-10-28T00:00Z,49,51,low
2025-10-28T00:30Z,46,45,low
2025-10-28T01:00Z,45,45,low
2025-10-28T01:30Z,43,40,low
2025-10-28T02:00Z,42,39,low
2025-10-28T02:30Z,41,38,low
2025-10-28T03:00Z,41,39,low
2025-10-28T03:30Z,43,41,low
2025-10-28T04:00Z,45,42,low
2025-10-28T04:30Z,44,39,low
2025-10-28T05:00Z,48,41,low
2025-10-28T05:30Z,53,44,low
2025-10-28T06:00Z,48,41,low
2025-10-28T06:30Z,53,42,low
2025-10-28T07:00Z,45,46,low
2025-10-28T07:30Z,51,47,low
2025-10-28T08:00Z,49,45,low
2025-10-28T08:30Z,48,40,low
2025-10-28T09:00Z,47,39,low
2025-10-28T09:30Z,42,38,low
2025-10-28T10:00Z,36,39,low
2025-10-28T10:30Z,32,45,low
2025-10-28T11:00Z,35,34,low
2025-10-28T11:30Z,37,31,low
2025-10-28T12:00Z,42,34,low
2025-10-28T12:30Z,43,35,low
2025-10-28T13:00Z,45,40,low
2025-10-28T13:30Z,50,41,low
2025-10-28T14:00Z,50,44,low
2025-10-28T14:30Z,57,43,low
2025-10-28T15:00Z,60,41,low
2025-10-28T15:30Z,71,109,low
2025-10-28T16:00Z,87,66,low
2025-10-28T16:30Z,99,77,low
2025-10-28T17:00Z,116,108,moderate
2025-10-28T17:30Z,122,109,moderate
2025-10-28T18:00Z,118,118,moderate
2025-10-28T18:30Z,113,118,moderate
2025-10-28T19:00Z,101,117,moderate
2025-10-28T19:30Z,96,111,low
2025-10-28T20:00Z,91,97,low
2025-10-28T20:30Z,78,95,low
2025-10-28T21:00Z,69,91,low
2025-10-28T21:30Z,63,76,low
2025-10-28T22:00Z,56,67,low
2025-10-28T22:30Z,52,56,low
2025-10-28T23:00Z,49,52,low
2025-10-28T23:30Z,49,48,low
2025-10-29T00:00Z,50,50,low
2025-10-29T00:30Z,52,48,low
2025-10-29T01:00Z,50,50,low
2025-10-29T01:30Z,50,51,low
2025-10-29T02:00Z,54,52,low
2025-10-29T02:30Z,54,49,low
2025-10-29T03:00Z,57,51,low
2025-10-29T03:30Z,55,53,low
2025-10-29T04:00Z,57,53,low
2025-10-29T04:30Z,57,46,low
2025-10-29T05:00Z,61,56,low
2025-10-29T05:30Z,64,60,low
2025-10-29T06:00Z,81,61,low
2025-10-29T06:30Z,102,70,moderate
2025-10-29T07:00Z,119,85,moderate
2025-10-29T07:30Z,126,110,moderate
2025-10-29T08:00Z,124,139,moderate
2025-10-29T08:30Z,121,141,moderate
2025-10-29T09:00Z,119,132,moderate
2025-10-29T09:30Z,116,126,moderate
2025-10-29T10:00Z,117,128,moderate
2025-10-29T10:30Z,117,120,moderate
2025-10-29T11:00Z,124,114,moderate
2025-10-29T11:30Z,131,118,moderate
2025-10-29T12:00Z,135,132,moderate
2025-10-29T12:30Z,137,133,moderate
2025-10-29T13:00Z,138,132,moderate
2025-10-29T13:30Z,147,124,moderate
2025-10-29T14:00Z,158,129,moderate
2025-10-29T14:30Z,170,149,moderate
2025-10-29T15:00Z,171,172,moderate
2025-10-29T15:30Z,179,181,moderate
2025-10-29T16:00Z,187,193,high
2025-10-29T16:30Z,193,202,high
2025-10-29T17:00Z,196,203,high
2025-10-29T17:30Z,199,201,high
2025-10-29T18:00Z,198,202,high
2025-10-29T18:30Z,194,194,high
2025-10-29T19:00Z,187,194,high
2025-10-29T19:30Z,181,187,high
2025-10-29T20:00Z,173,180,moderate
2025-10-29T20:30Z,160,171,moderate
2025-10-29T21:00Z,140,155,moderate
2025-10-29T21:30Z,117,153,moderate
2025-10-29T22:00Z,103,127,moderate
2025-10-29T22:30Z,92,116,low
2025-10-29T23:00Z,84,106,low
2025-10-29T23:30Z,87,97,low
2025-10-30T00:00Z,88,84,low
2025-10-30T00:30Z,90,89,low
2025-10-30T01:00Z,93,91,low
2025-10-30T01:30Z,91,91,low
2025-10-30T02:00Z,93,96,low
2025-10-30T02:30Z,92,92,low
2025-10-30T03:00Z,94,97,low
2025-10-30T03:30Z,96,97,low
2025-10-30T04:00Z,99,99,low
2025-10-30T04:30Z,101,102,moderate
2025-10-30T05:00Z,104,103,moderate
2025-10-30T05:30Z,117,107,moderate
2025-10-30T06:00Z,138,112,moderate
2025-10-30T06:30Z,149,150,moderate
2025-10-30T07:00Z,164,162,moderate
2025-10-30T07:30Z,171,155,moderate
2025-10-30T08:00Z,171,175,moderate
2025-10-30T08:30Z,168,186,moderate
2025-10-30T09:00Z,162,181,moderate
2025-10-30T09:30Z,161,172,moderate
2025-10-30T10:00Z,154,167,moderate
2025-10-30T10:30Z,150,165,moderate
2025-10-30T11:00Z,147,160,moderate
2025-10-30T11:30Z,141,145,moderate
2025-10-30T12:00Z,139,137,moderate
2025-10-30T12:30Z,136,138,moderate
2025-10-30T13:00Z,132,130,moderate
2025-10-30T13:30Z,137,131,moderate
2025-10-30T14:00Z,138,120,moderate
2025-10-30T14:30Z,140,113,moderate
2025-10-30T15:00Z,143,112,moderate
2025-10-30T15:30Z,142,105,moderate
2025-10-30T16:00Z,146,99,moderate
2025-10-30T16:30Z,143,144,moderate
2025-10-30T17:00Z,142,146,moderate
2025-10-30T17:30Z,135,141,moderate
2025-10-30T18:00Z,128,121,moderate
2025-10-30T18:30Z,120,116,moderate
2025-10-30T19:00Z,103,120,moderate
2025-10-30T19:30Z,94,115,low
2025-10-30T20:00Z,93,99,low
2025-10-30T20:30Z,93,95,low
2025-10-30T21:00Z,94,86,low
2025-10-30T21:30Z,87,95,low
2025-10-30T22:00Z,86,92,low
2025-10-30T22:30Z,76,82,low
2025-10-30T23:00Z,72,90,low
2025-10-30T23:30Z,67,76,low
2025-10-31T00:00Z,67,71,low
